{"age": {"0": 17.0, "1": 17.86904761904762, "2": 18.738095238095237, "3": 19.607142857142858, "4": 20.476190476190474, "5": 21.345238095238095, "6": 22.214285714285715, "7": 23.083333333333336, "8": 23.952380952380953, "9": 24.82142857142857, "10": 25.69047619047619, "11": 26.55952380952381, "12": 27.42857142857143, "13": 28.297619047619047, "14": 29.166666666666668, "15": 30.035714285714285, "16": 30.904761904761905, "17": 31.773809523809526, "18": 32.64285714285714, "19": 33.51190476190476, "20": 34.38095238095238, "21": 35.25, "22": 36.11904761904762, "23": 36.98809523809524, "24": 37.85714285714286, "25": 38.72619047619048, "26": 39.595238095238095, "27": 40.464285714285715, "28": 41.333333333333336, "29": 42.20238095238095, "30": 43.07142857142857, "31": 43.94047619047619, "32": 44.80952380952381, "33": 45.67857142857143, "34": 46.54761904761905, "35": 47.41666666666667, "36": 48.285714285714285, "37": 49.154761904761905, "38": 50.023809523809526, "39": 50.892857142857146, "40": 51.76190476190476, "41": 52.63095238095238, "42": 53.5, "43": 54.36904761904762, "44": 55.23809523809524, "45": 56.10714285714286, "46": 56.976190476190474, "47": 57.845238095238095, "48": 58.714285714285715, "49": 59.583333333333336, "50": 60.452380952380956, "51": 61.32142857142857, "52": 62.19047619047619, "53": 63.05952380952381, "54": 63.92857142857143, "55": 64.79761904761905, "56": 65.66666666666667, "57": 66.53571428571428, "58": 67.4047619047619, "59": 68.27380952380952, "60": 69.14285714285714, "61": 70.01190476190476, "62": 70.88095238095238, "63": 71.75, "64": 72.61904761904762, "65": 73.48809523809524, "66": 74.35714285714286, "67": 75.22619047619048, "68": 76.0952380952381, "69": 76.96428571428572, "70": 77.83333333333334, "71": 78.70238095238096, "72": 79.57142857142857, "73": 80.44047619047619, "74": 81.30952380952381, "75": 82.17857142857143, "76": 83.04761904761905, "77": 83.91666666666667, "78": 84.78571428571429, "79": 85.65476190476191, "80": 86.52380952380952, "81": 87.39285714285714, "82": 88.26190476190476, "83": 89.13095238095238, "84": 90.0}, "workclass": {"0": "Federal-gov", "1": "Local-gov", "2": "State-gov", "3": "Private", "4": "Self-emp-inc", "5": "Self-emp-not-inc", "6": "Without-pay"}, "fnlwgt": {"0": 13492.0, "1": 28410.262626262625, "2": 43328.52525252525, "3": 58246.78787878787, "4": 73165.0505050505, "5": 88083.31313131313, "6": 103001.57575757575, "7": 117919.83838383837, "8": 132838.101010101, "9": 147756.36363636362, "10": 162674.62626262626, "11": 177592.88888888888, "12": 192511.1515151515, "13": 207429.41414141413, "14": 222347.67676767675, "15": 237265.9393939394, "16": 252184.202020202, "17": 267102.4646464646, "18": 282020.72727272724, "19": 296938.9898989899, "20": 311857.2525252525, "21": 326775.51515151514, "22": 341693.77777777775, "23": 356612.04040404037, "24": 371530.303030303, "25": 386448.56565656565, "26": 401366.82828282827, "27": 416285.0909090909, "28": 431203.3535353535, "29": 446121.6161616161, "30": 461039.8787878788, "31": 475958.1414141414, "32": 490876.404040404, "33": 505794.6666666666, "34": 520712.92929292924, "35": 535631.191919192, "36": 550549.4545454545, "37": 565467.7171717171, "38": 580385.9797979798, "39": 595304.2424242424, "40": 610222.505050505, "41": 625140.7676767677, "42": 640059.0303030303, "43": 654977.2929292929, "44": 669895.5555555555, "45": 684813.8181818181, "46": 699732.0808080807, "47": 714650.3434343433, "48": 729568.606060606, "49": 744486.8686868687, "50": 759405.1313131313, "51": 774323.3939393939, "52": 789241.6565656565, "53": 804159.9191919192, "54": 819078.1818181818, "55": 833996.4444444444, "56": 848914.707070707, "57": 863832.9696969696, "58": 878751.2323232322, "59": 893669.494949495, "60": 908587.7575757576, "61": 923506.0202020202, "62": 938424.2828282828, "63": 953342.5454545454, "64": 968260.808080808, "65": 983179.0707070706, "66": 998097.3333333333, "67": 1013015.5959595959, "68": 1027933.8585858585, "69": 1042852.1212121211, "70": 1057770.383838384, "71": 1072688.6464646463, "72": 1087606.909090909, "73": 1102525.1717171716, "74": 1117443.4343434342, "75": 1132361.696969697, "76": 1147279.9595959596, "77": 1162198.2222222222, "78": 1177116.4848484849, "79": 1192034.7474747475, "80": 1206953.01010101, "81": 1221871.2727272727, "82": 1236789.5353535353, "83": 1251707.797979798, "84": 1266626.0606060605, "85": 1281544.3232323232, "86": 1296462.5858585858, "87": 1311380.8484848484, "88": 1326299.111111111, "89": 1341217.3737373736, "90": 1356135.6363636362, "91": 1371053.8989898989, "92": 1385972.1616161615, "93": 1400890.424242424, "94": 1415808.6868686867, "95": 1430726.9494949493, "96": 1445645.212121212, "97": 1460563.4747474748, "98": 1475481.7373737374, "99": 1490400.0}, "education-num": {"0": 1.0, "1": 2.0, "2": 3.0, "3": 4.0, "4": 5.0, "5": 6.0, "6": 7.0, "7": 8.0, "8": 9.0, "9": 10.0, "10": 11.0, "11": 12.0, "12": 13.0, "13": 14.0, "14": 15.0, "15": 16.0}, "marital-status": {"0": "Never-married", "1": "Married-AF-spouse", "2": "Married-civ-spouse", "3": "Married-spouse-absent", "4": "Separated", "5": "Widowed", "6": "Divorced"}, "occupation": {"0": "Adm-clerical", "1": "Armed-Forces", "2": "Craft-repair", "3": "Exec-managerial", "4": "Farming-fishing", "5": "Handlers-cleaners", "6": "Machine-op-inspct", "7": "Other-service", "8": "Priv-house-serv", "9": "Prof-specialty", "10": "Protective-serv", "11": "Sales", "12": "Tech-support", "13": "Transport-moving"}, "relationship": {"0": "Husband", "1": "Wife", "2": "Own-child", "3": "Other-relative", "4": "Not-in-family", "5": "Unmarried"}, "race": {"0": "White", "1": "Black", "2": "Amer-Indian-Eskimo", "3": "Asian-Pac-Islander", "4": "Other"}, "sex": {"0": "Female", "1": "Male"}, "capital-gain": {"0": 0.0, "1": 1010.0909090909091, "2": 2020.1818181818182, "3": 3030.2727272727275, "4": 4040.3636363636365, "5": 5050.454545454546, "6": 6060.545454545455, "7": 7070.636363636364, "8": 8080.727272727273, "9": 9090.818181818182, "10": 10100.909090909092, "11": 11111.0, "12": 12121.09090909091, "13": 13131.181818181818, "14": 14141.272727272728, "15": 15151.363636363636, "16": 16161.454545454546, "17": 17171.545454545456, "18": 18181.636363636364, "19": 19191.727272727272, "20": 20201.818181818184, "21": 21211.909090909092, "22": 22222.0, "23": 23232.090909090908, "24": 24242.18181818182, "25": 25252.272727272728, "26": 26262.363636363636, "27": 27272.454545454548, "28": 28282.545454545456, "29": 29292.636363636364, "30": 30302.727272727272, "31": 31312.818181818184, "32": 32322.909090909092, "33": 33333.0, "34": 34343.09090909091, "35": 35353.181818181816, "36": 36363.27272727273, "37": 37373.36363636364, "38": 38383.454545454544, "39": 39393.545454545456, "40": 40403.63636363637, "41": 41413.72727272727, "42": 42423.818181818184, "43": 43433.909090909096, "44": 44444.0, "45": 45454.09090909091, "46": 46464.181818181816, "47": 47474.27272727273, "48": 48484.36363636364, "49": 49494.454545454544, "50": 50504.545454545456, "51": 51514.63636363637, "52": 52524.72727272727, "53": 53534.818181818184, "54": 54544.909090909096, "55": 55555.0, "56": 56565.09090909091, "57": 57575.18181818182, "58": 58585.27272727273, "59": 59595.36363636364, "60": 60605.454545454544, "61": 61615.545454545456, "62": 62625.63636363637, "63": 63635.72727272727, "64": 64645.818181818184, "65": 65655.90909090909, "66": 66666.0, "67": 67676.09090909091, "68": 68686.18181818182, "69": 69696.27272727274, "70": 70706.36363636363, "71": 71716.45454545454, "72": 72726.54545454546, "73": 73736.63636363637, "74": 74746.72727272728, "75": 75756.81818181819, "76": 76766.90909090909, "77": 77777.0, "78": 78787.09090909091, "79": 79797.18181818182, "80": 80807.27272727274, "81": 81817.36363636363, "82": 82827.45454545454, "83": 83837.54545454546, "84": 84847.63636363637, "85": 85857.72727272728, "86": 86867.81818181819, "87": 87877.90909090909, "88": 88888.0, "89": 89898.09090909091, "90": 90908.18181818182, "91": 91918.27272727274, "92": 92928.36363636363,