{"age": [17.0, 17.86904761904762, 18.738095238095237, 19.607142857142858, 20.476190476190474, 21.345238095238095, 22.214285714285715, 23.083333333333336, 23.952380952380953, 24.82142857142857, 25.69047619047619, 26.55952380952381, 27.42857142857143, 28.297619047619047, 29.166666666666668, 30.035714285714285, 30.904761904761905, 31.773809523809526, 32.64285714285714, 33.51190476190476, 34.38095238095238, 35.25, 36.11904761904762, 36.98809523809524, 37.85714285714286, 38.72619047619048, 39.595238095238095, 40.464285714285715, 41.333333333333336, 42.20238095238095, 43.07142857142857, 43.94047619047619, 44.80952380952381, 45.67857142857143, 46.54761904761905, 47.41666666666667, 48.285714285714285, 49.154761904761905, 50.023809523809526, 50.892857142857146, 51.76190476190476, 52.63095238095238, 53.5, 54.36904761904762, 55.23809523809524, 56.10714285714286, 56.976190476190474, 57.845238095238095, 58.714285714285715, 59.583333333333336, 60.452380952380956, 61.32142857142857, 62.19047619047619, 63.05952380952381, 63.92857142857143, 64.79761904761905, 65.66666666666667, 66.53571428571428, 67.4047619047619, 68.27380952380952, 69.14285714285714, 70.01190476190476, 70.88095238095238, 71.75, 72.61904761904762, 73.48809523809524, 74.35714285714286, 75.22619047619048, 76.0952380952381, 76.96428571428572, 77.83333333333334, 78.70238095238096, 79.57142857142857, 80.44047619047619, 81.30952380952381, 82.17857142857143, 83.04761904761905, 83.91666666666667, 84.78571428571429, 85.65476190476191, 86.52380952380952, 87.39285714285714, 88.26190476190476, 89.13095238095238, 90.0], "workclass": ["Federal-gov", "Local-gov", "State-gov", "Private", "Self-emp-inc", "Self-emp-not-inc", "Without-pay"], "fnlwgt": [13492.0, 28410.262626262625, 43328.52525252525, 58246.78787878787, 73165.0505050505, 88083.31313131313, 103001.57575757575, 117919.83838383837, 132838.101010101, 147756.36363636362, 162674.62626262626, 177592.88888888888, 192511.1515151515, 207429.41414141413, 222347.67676767675, 237265.9393939394, 252184.202020202, 267102.4646464646, 282020.72727272724, 296938.9898989899, 311857.2525252525, 326775.51515151514, 341693.77777777775, 356612.04040404037, 371530.303030303, 386448.56565656565, 401366.82828282827, 416285.0909090909, 431203.3535353535, 446121.6161616161, 461039.8787878788, 475958.1414141414, 490876.404040404, 505794.6666666666, 520712.92929292924, 535631.191919192, 550549.4545454545, 565467.7171717171, 580385.9797979798, 595304.2424242424, 610222.505050505, 625140.7676767677, 640059.0303030303, 654977.2929292929, 669895.5555555555, 684813.8181818181, 699732.0808080807, 714650.3434343433, 729568.606060606, 744486.8686868687, 759405.1313131313, 774323.3939393939, 789241.6565656565, 804159.9191919192, 819078.1818181818, 833996.4444444444, 848914.707070707, 863832.9696969696, 878751.2323232322, 893669.494949495, 908587.7575757576, 923506.0202020202, 938424.2828282828, 953342.5454545454, 968260.808080808, 983179.0707070706, 998097.3333333333, 1013015.5959595959, 1027933.8585858585, 1042852.1212121211, 1057770.383838384, 1072688.6464646463, 1087606.909090909, 1102525.1717171716, 1117443.4343434342, 1132361.696969697, 1147279.9595959596, 1162198.2222222222, 1177116.4848484849, 1192034.7474747475, 1206953.01010101, 1221871.2727272727, 1236789.5353535353, 1251707.797979798, 1266626.0606060605, 1281544.3232323232, 1296462.5858585858, 1311380.8484848484, 1326299.111111111, 1341217.3737373736, 1356135.6363636362, 1371053.8989898989, 1385972.1616161615, 1400890.424242424, 1415808.6868686867, 1430726.9494949493, 1445645.212121212, 1460563.4747474748, 1475481.7373737374, 1490400.0], "education-num": [1.0, 2.0, 3.0, 4.0, 5.0, 6.0, 7.0, 8.0, 9.0, 10.0, 11.0, 12.0, 13.0, 14.0, 15.0, 16.0], "marital-status": ["Never-married", "Married-AF-spouse", "Married-civ-spouse", "Married-spouse-absent", "Separated", "Widowed", "Divorced"], "occupation": ["Adm-clerical", "Armed-Forces", "Craft-repair", "Exec-managerial", "Farming-fishing", "Handlers-cleaners", "Machine-op-inspct", "Other-service", "Priv-house-serv", "Prof-specialty", "Protective-serv", "Sales", "Tech-support", "Transport-moving"], "relationship": ["Husband", "Wife", "Own-child", "Other-relative", "Not-in-family", "Unmarried"], "race": ["White", "Black", "Amer-Indian-Eskimo", "Asian-Pac-Islander", "Other"], "sex": ["Female", "Male"], "capital-gain": [0.0, 1010.0909090909091, 2020.1818181818182, 3030.2727272727275, 4040.3636363636365, 5050.454545454546, 6060.545454545455, 7070.636363636364, 8080.727272727273, 9090.818181818182, 10100.909090909092, 11111.0, 12121.09090909091, 13131.181818181818, 14141.272727272728, 15151.363636363636, 16161.454545454546, 17171.545454545456, 18181.636363636364, 19191.727272727272, 20201.818181818184, 21211.909090909092, 22222.0, 23232.090909090908, 24242.18181818182, 25252.272727272728, 26262.363636363636, 27272.454545454548, 28282.545454545456, 29292.636363636364, 30302.727272727272, 31312.818181818184, 32322.909090909092, 33333.0, 34343.09090909091, 35353.181818181816, 36363.27272727273, 37373.36363636364, 38383.454545454544, 39393.545454545456, 40403.63636363637, 41413.72727272727, 42423.818181818184, 43433.909090909096, 44444.0, 45454.09090909091, 46464.181818181816, 47474.27272727273, 48484.36363636364, 49494.454545454544, 50504.545454545456, 51514.63636363637, 52524.72727272727, 53534.818181818184, 54544.909090909096, 55555.0, 56565.09090909091, 57575.18181818182, 58585.27272727273, 59595.36363636364, 60605.454545454544, 61615.545454545456, 62625.63636363637, 63635.72727272727, 64645.818181818184, 65655.90909090909, 66666.0, 67676.09090909091, 68686.18181818182, 69696.27272727274, 70706.36363636363, 71716.45454545454, 72726.54545454546, 73736.63636363637, 74746.72727272728, 75756.81818181819, 76766.90909090909, 77777.0, 78787.09090909091, 79797.18181818182, 80807.27272727274, 81817.36363636363, 82827.45454545454, 83837.54545454546, 84847.63636363637, 85857.72727272728, 86867.81818181819, 87877.90909090909, 88888.0, 89898.09090909091, 90908.18181818182, 91918.27272727274, 92928.36363636363, 93938.45454545454, 94948.54545454546, 95958.63636363637, 96968.72727272728, 97978.81818181819, 98988.90909090909, 99999.0], "capital-loss": [0.0, 44.0, 88.0, 132.0, 176.0, 220.0, 264.0, 308.0, 352.0, 396.0, 440.0, 484.0, 528.0, 572.0, 616.0, 660.0, 704.0, 748.0, 792.0, 836.0, 880.0, 924.0, 968.0, 1012.0, 1056.0, 1100.0, 1144.0, 1188.0, 1232.0, 1276.0, 1320.0, 1364.0, 1408.0, 1452.0, 1496.0, 1540.0, 1584.0, 1628.0, 1672.0, 1716.0, 1760.0, 1804.0, 1848.0, 1892.0, 1936.0, 1980.0, 2024.0, 2068.0, 2112.0, 2156.0, 2200.0, 2244.0, 2288.0, 2332.0, 2376.0, 2420.0, 2464.0, 2508.0, 2552.0, 2596.0, 2640.0, 2684.0, 2728.0, 2772.0, 2816.0, 2860.0, 2904.0, 2948.0, 2992.0, 3036.0, 3080.0, 3124.0, 3168.0, 3212.0, 3256.0, 3300.0, 3344.0, 3388.0, 3432.0, 3476.0, 3520.0, 3564.0, 3608.0, 3652.0, 3696.0, 3740.0, 3784.0, 3828.0, 3872.0, 3916.0, 3960.0, 4004.0, 4048.0, 4092.0, 4136.0, 4180.0, 4224.0, 4268.0, 4312.0, 4356.0], "hours-per-week": [1.0, 2.0, 3.0, 4.0, 5.0, 6.0, 7.0, 8.0, 9.0, 10.0, 11.0, 12.0, 13.0, 14.0, 15.0, 16.0, 17.0, 18.0, 19.0, 20.0, 21.0, 22.0, 23.0, 24.0, 25.0, 26.0, 27.0, 28.0, 29.0, 30.0, 31.0, 32.0, 33.0, 34.0, 35.0, 36.0, 37.0, 38.0, 39.0, 40.0, 41.0, 42.0, 43.0, 44.0, 45.0, 46.0, 47.0, 48.0, 49.0, 50.0, 51.0, 52.0, 53.0, 54.0, 55.0, 56.0, 57.0, 58.0, 59.0, 60.0, 61.0, 62.0, 63.0, 64.0, 65.0, 66.0, 67.0, 68.0, 69.0, 70.0, 71.0, 72.0, 73.0, 74.0, 75.0, 76.0, 77.0, 78.0, 79.0, 80.0, 81.0, 82.0, 83.0, 84.0, 85.0, 86.0, 87.0, 88.0, 89.0, 90.0, 91.0, 92.0, 93.0, 94.0, 95.0, 96.0, 97.0, 98.0, 99.0],